Qty;Description;Ref
1;Piston front washer (safety washer);MSL-06-10-A01-09
2;Piston Seal                        ;MSL-06-10-A01-11
2;O ring 490mm x 5mm                 ;MSL-06-10-B01-03
2;Lip seal 280x250x15                ;MSL-06-10-B01-04
2;O ring 30mm x 3mm                  ;MSL-06-10-B02-08
2;O ring 130mm x 3mm                 ;MSL-06-10-B02-09
1;O ring 140mm x 10mm                ;MSL-06-10-B05-02
1;Rod Seal 80x65mm x8mm              ;MSL-06-10-B05-03
1;O ring 420mm x 3mm                 ;MSL-06-10-B07-25
1;O ring 185mm x 3mm                 ;MSL-06-10-B07-26
1;O ring 200mm x 3mm                 ;MSL-06-10-B07-27
1;O ring 230mm x 3mm                 ;MSL-06-10-B07-28
1;Roller limit switch                ;MSL-06-00-B08-01
1;MS Motor & Servo Drive             ;MSL-06-00-B06-02
1;Case                               ;MSL-06-10-A01-01
1;Wheel                              ;MSL-06-10-A01-13
1;Worm                               ;MSL-06-10-A01-03
1;Recovery motor                     ;ATV312HU22M2
